{
    "means": [
        17980513.95271642
    ],
    "scales": [
        44761225.5580041
    ]
}