{
    "means": [
        17954366.62666582
    ],
    "scales": [
        44718670.05069261
    ]
}