{
    "means": [
        24299.264579826828,
        24299.49845569225,
        24353.347365133348,
        24242.861396933364
    ],
    "scales": [
        16033.783638986848,
        16033.777606307125,
        16074.570586344997,
        15991.02841302301
    ]
}