{
    "means": [
        24302.646105965945,
        24302.893752970223,
        24356.748058488753,
        24246.245163608546,
        19848726.98501264
    ],
    "scales": [
        16034.703274504245,
        16034.711569827141,
        16075.494846441314,
        15991.95742854031,
        137647399.85329315
    ]
}