{
    "means": [
        24340.921114144392,
        24341.15243877804,
        24395.01056486382,
        24284.51022434103
    ],
    "scales": [
        16041.954181988258,
        16041.94505325973,
        16082.641290998708,
        15999.303195567965
    ]
}