{
    "means": [
        24285.97890061077,
        24308.41476957246,
        24911.929761243755,
        23614.729039422542
    ],
    "scales": [
        16039.310035577535,
        16038.747963645656,
        16477.182023894882,
        15516.782899157066
    ]
}