{
    "means": [
        24329.435180055403,
        24351.611080332408,
        24954.9,
        23658.195290858726
    ],
    "scales": [
        16048.044951317599,
        16047.167603635135,
        16484.15583870743,
        15527.005513483262
    ]
}