{
    "means": [
        24297.955,
        24321.680555555555,
        24923.053055555556,
        23622.325555555555,
        1905290434.4486396
    ],
    "scales": [
        16030.687019828478,
        16031.483390024203,
        16474.043878994806,
        15519.403036928474,
        8088418707.403549
    ]
}