{
    "means": [
        1726099388.5769017
    ],
    "scales": [
        2354243368.6249843
    ]
}