{
    "means": [
        1723450096.8620498
    ],
    "scales": [
        2352326362.13492
    ]
}