{
    "means": [
        24340.612267984117,
        24341.53812678918,
        24456.641287284143,
        24217.3487394958
    ],
    "scales": [
        16041.554178039718,
        16041.518539994522,
        16127.822419979944,
        15948.774942661861
    ]
}