{
    "means": [
        24299.197367203404,
        24300.132785026835,
        24415.21955395151,
        24175.933532296873
    ],
    "scales": [
        16033.446507748204,
        16033.422467837647,
        16119.933334826892,
        15940.420539108502
    ]
}