{
    "means": [
        24302.36264691564,
        24303.352180262882,
        24418.438544636854,
        24179.124892783457,
        79394448.69139287
    ],
    "scales": [
        16034.264021781544,
        16034.296235969086,
        16120.761934230986,
        15941.275912076824,
        496269444.60386133
    ]
}