{
    "means": [
        71817052.0093268
    ],
    "scales": [
        150219095.5684611
    ]
}