{
    "means": [
        71920807.8573709
    ],
    "scales": [
        150357615.46858534
    ]
}