{
    "means": [
        24299.366571425267,
        24299.83465591634,
        24378.709619767025,
        24215.572211875486
    ],
    "scales": [
        16033.842609563007,
        16033.830248920207,
        16093.357839746968,
        15970.29855405867
    ]
}