{
    "means": [
        35908526.0046634
    ],
    "scales": [
        82343927.09836851
    ]
}