{
    "means": [
        24302.774306279993,
        24303.269443864894,
        24382.14900781232,
        24218.987278902103,
        39697224.345696434
    ],
    "scales": [
        16034.71956790295,
        16034.735325995256,
        16094.242464506702,
        15971.194202455117,
        259090642.73162818
    ]
}