{
    "means": [
        35960819.9107777
    ],
    "scales": [
        82421335.19005378
    ]
}