{
    "means": [
        24341.023980746144,
        24341.48696209253,
        24420.365667420814,
        24257.222642903314
    ],
    "scales": [
        16042.014342101458,
        16041.995789397039,
        16101.370605522701,
        15978.630779860667
    ]
}