{
    "means": [
        24339.05826946163,
        24342.755009696186,
        24580.053375196232,
        24079.547280450643
    ],
    "scales": [
        16041.38490744624,
        16041.238195210863,
        16217.322829030294,
        15844.481006929927
    ]
}