{
    "means": [
        24297.645243383307,
        24301.384971312233,
        24538.65792152508,
        24038.09286507496
    ],
    "scales": [
        16033.278829353165,
        16033.184247998073,
        16209.698871361208,
        15835.799650610317
    ]
}