{
    "means": [
        24298.660378233057,
        24302.61903216835,
        24543.83860202095,
        24037.59849819227,
        317577794.7655715
    ],
    "scales": [
        16030.293169935376,
        16030.42860618557,
        16212.01745639461,
        15833.520510548444,
        1803727705.294935
    ]
}