{
    "means": [
        287683231.4294836
    ],
    "scales": [
        496990914.4712093
    ]
}