{
    "means": [
        287268208.0373072
    ],
    "scales": [
        496553564.4745608
    ]
}