{
    "means": [
        24340.906836056238,
        24340.983995398125,
        24369.19877911764,
        24311.806344124914
    ],
    "scales": [
        16041.867919455712,
        16041.865042792577,
        16063.135231792254,
        16019.962340947319
    ]
}