{
    "means": [
        24299.24813468086,
        24299.326065497284,
        24327.532914447886,
        24270.158278353814
    ],
    "scales": [
        16033.694535058788,
        16033.692595717386,
        16055.009633736465,
        16011.743579068494
    ]
}