{
    "means": [
        24302.620135577898,
        24302.702708080582,
        24330.918547009867,
        24273.529881036095,
        6616255.085343093
    ],
    "scales": [
        16034.628007960466,
        16034.630634519412,
        16055.947379778936,
        16012.681483108627,
        56444847.06860134
    ]
}