{
    "means": [
        5993516.206253205
    ],
    "scales": [
        16802810.399939187
    ]
}