{
    "means": [
        5984800.389458779
    ],
    "scales": [
        16786708.267549787
    ]
}