{
    "means": [
        42427.94256756757,
        42442.32432432433,
        42525.41554054054,
        42336.23310810811
    ],
    "scales": [
        954.2769682720466,
        958.7518083158269,
        986.0885009561521,
        931.4163191140476
    ]
}