{
    "means": [
        42411.01351351351,
        42468.54054054054,
        42625.67567567567,
        42241.68918918919
    ],
    "scales": [
        945.7906136944478,
        963.4456981176102,
        1016.6114303012424,
        901.9872081503762
    ]
}