{
    "means": [
        4108894.680995475
    ],
    "scales": [
        7456168.182828895
    ]
}