{
    "means": [
        43769.95,
        43779.725,
        43819.808333333334,
        43724.208333333336,
        2575118.65
    ],
    "scales": [
        175.77292880304407,
        184.26607630000697,
        180.73260846866813,
        172.67127467306838,
        1781389.8800207928
    ]
}