{
    "means": [
        42421.07466063349,
        42425.89027149321,
        42474.12443438914,
        42368.80542986425
    ],
    "scales": [
        954.9741018214954,
        956.5323618883709,
        970.5336244511527,
        939.0422171936009
    ]
}