{
    "means": [
        42473.85,
        42686.7,
        42931.9,
        42199.15
    ],
    "scales": [
        1011.0582587071824,
        1042.6636130603194,
        1096.8494381636888,
        925.9760539560405
    ]
}