{
    "means": [
        43767.69047619047,
        43795.619047619046,
        43855.380952380954,
        43694.30952380953,
        7357481.857142857
    ],
    "scales": [
        168.72981192755054,
        191.9002658105001,
        196.55696525325467,
        173.76965296118144,
        3567825.561578319
    ]
}