{
    "means": [
        12271158.43918919
    ],
    "scales": [
        16966114.065931223
    ]
}