{
    "means": [
        43746.0,
        43843.75,
        43918.833333333336,
        43627.416666666664,
        25751186.5
    ],
    "scales": [
        95.3712045990123,
        189.0951590249382,
        220.2828989176317,
        140.9986455805713,
        10900744.806166086
    ]
}