{
    "means": [
        24542316.87837838
    ],
    "scales": [
        30830087.936745305
    ]
}