{
    "means": [
        43780.36363636364,
        43833.681818181816,
        43911.181818181816,
        43686.954545454544,
        14046101.727272727
    ],
    "scales": [
        185.9562620751414,
        218.69356651044367,
        220.11311892744362,
        200.08219385422748,
        6447192.765398316
    ]
}