{
    "means": [
        49084633.75675676
    ],
    "scales": [
        51832904.36263128
    ]
}