{
    "means": [
        42426.83108108108,
        42455.59459459459,
        42568.22972972973,
        42298.66216216216
    ],
    "scales": [
        954.8755978017292,
        963.6174933469687,
        1003.2841079566173,
        916.7595734953222
    ]
}